{"cameraMode":{"drawMode":0,"name":"Shaded","section":"Shading Mode"},"sceneLighting":false,"audioPlay":false,"sceneViewState":{"m_AlwaysRefresh":false,"showFog":true,"showSkybox":false,"showFlares":true,"showImageEffects":true,"showParticleSystems":true,"showVisualEffectGraphs":true,"m_FxEnabled":true},"in2DMode":false,"pivot":{"x":-0.29193973541259768,"y":7.279480934143066,"z":2.6828114986419679},"rotation":{"x":0.028893306851387025,"y":-0.8604475855827332,"z":0.049098677933216098,"w":0.5063475966453552},"size":11.173337936401368,"orthographic":true}