{"cameraMode":{"drawMode":0,"name":"Shaded","section":"Shading Mode"},"sceneLighting":false,"audioPlay":false,"sceneViewState":{"m_AlwaysRefresh":false,"showFog":true,"showSkybox":false,"showFlares":true,"showImageEffects":true,"showParticleSystems":true,"showVisualEffectGraphs":true,"m_FxEnabled":true},"in2DMode":false,"pivot":{"x":-0.09407709538936615,"y":0.23210474848747254,"z":-0.12521128356456757},"rotation":{"x":-0.2293892651796341,"y":-0.3100067377090454,"z":0.07733695954084397,"w":-0.9194145798683167},"size":0.4341759979724884,"orthographic":false}