{"cameraMode":{"drawMode":0,"name":"Shaded","section":"Shading Mode"},"sceneLighting":false,"audioPlay":false,"sceneViewState":{"m_AlwaysRefresh":false,"showFog":true,"showSkybox":false,"showFlares":true,"showImageEffects":true,"showParticleSystems":true,"showVisualEffectGraphs":true,"m_FxEnabled":true},"in2DMode":false,"pivot":{"x":0.006495673209428787,"y":0.36605018377304079,"z":-0.031409844756126407},"rotation":{"x":0.029983118176460267,"y":0.028779450803995134,"z":-0.0008632491226308048,"w":0.9991350173950195},"size":0.7114779949188232,"orthographic":true}