{"cameraMode":{"drawMode":0,"name":"Shaded","section":"Shading Mode"},"sceneLighting":false,"audioPlay":false,"sceneViewState":{"m_AlwaysRefresh":false,"showFog":true,"showSkybox":false,"showFlares":true,"showImageEffects":true,"showParticleSystems":true,"showVisualEffectGraphs":true,"m_FxEnabled":true},"in2DMode":false,"pivot":{"x":0.0046767741441726688,"y":0.2311539351940155,"z":-0.005748525261878967},"rotation":{"x":-0.3275573253631592,"y":-0.18376071751117707,"z":0.06510055065155029,"w":-0.9245153665542603},"size":0.26545092463493349,"orthographic":false}