{"cameraMode":{"drawMode":0,"name":"Shaded","section":"Shading Mode"},"sceneLighting":false,"audioPlay":false,"sceneViewState":{"m_AlwaysRefresh":false,"showFog":true,"showSkybox":false,"showFlares":true,"showImageEffects":true,"showParticleSystems":true,"showVisualEffectGraphs":true,"m_FxEnabled":true},"in2DMode":false,"pivot":{"x":-4.470348358154297e-8,"y":0.07592403143644333,"z":1.4901161193847657e-8},"rotation":{"x":-0.21077343821525575,"y":-0.47722214460372927,"z":0.11905763298273087,"w":-0.8447985053062439},"size":0.22750221192836762,"orthographic":false}