{"cameraMode":{"drawMode":0,"name":"Shaded","section":"Shading Mode"},"sceneLighting":false,"audioPlay":false,"sceneViewState":{"m_AlwaysRefresh":false,"showFog":true,"showSkybox":false,"showFlares":true,"showImageEffects":true,"showParticleSystems":true,"showVisualEffectGraphs":true,"m_FxEnabled":true},"in2DMode":false,"pivot":{"x":1.1366643905639649,"y":6.830063343048096,"z":2.8379101753234865},"rotation":{"x":0.022399218752980233,"y":0.9577666521072388,"z":-0.27592846751213076,"w":0.07774921506643295},"size":9.562992095947266,"orthographic":true}