{"cameraMode":{"drawMode":0,"name":"Shaded","section":"Shading Mode"},"sceneLighting":false,"audioPlay":false,"sceneViewState":{"m_AlwaysRefresh":false,"showFog":true,"showSkybox":false,"showFlares":true,"showImageEffects":true,"showParticleSystems":true,"showVisualEffectGraphs":true,"m_FxEnabled":true},"in2DMode":false,"pivot":{"x":-0.010213255882263184,"y":0.7924428582191467,"z":0.012031832709908486},"rotation":{"x":0.09460989385843277,"y":-0.7190374135971069,"z":0.09986209124326706,"w":0.6812215447425842},"size":1.445326566696167,"orthographic":true}