{"cameraMode":{"drawMode":0,"name":"Shaded","section":"Shading Mode"},"sceneLighting":false,"audioPlay":false,"sceneViewState":{"m_AlwaysRefresh":false,"showFog":true,"showSkybox":false,"showFlares":true,"showImageEffects":true,"showParticleSystems":true,"showVisualEffectGraphs":true,"m_FxEnabled":true},"in2DMode":false,"pivot":{"x":-0.22737336158752442,"y":0.5998772382736206,"z":0.20671749114990235},"rotation":{"x":0.16223914921283723,"y":-0.2386668622493744,"z":0.040478985756635669,"w":0.9565972089767456},"size":0.6496891975402832,"orthographic":false}