{"cameraMode":{"drawMode":0,"name":"Shaded","section":"Shading Mode"},"sceneLighting":false,"audioPlay":false,"sceneViewState":{"m_AlwaysRefresh":false,"showFog":true,"showSkybox":false,"showFlares":true,"showImageEffects":true,"showParticleSystems":true,"showVisualEffectGraphs":true,"m_FxEnabled":true},"in2DMode":false,"pivot":{"x":14.374292373657227,"y":38.379581451416019,"z":-178.27554321289063},"rotation":{"x":0.04636440798640251,"y":-0.07186204940080643,"z":-0.0033801633398979904,"w":-0.9964003562927246},"size":0.010751700028777123,"orthographic":false}