{"cameraMode":{"drawMode":0,"name":"Shaded","section":"Shading Mode"},"sceneLighting":false,"audioPlay":false,"sceneViewState":{"m_AlwaysRefresh":false,"showFog":true,"showSkybox":false,"showFlares":true,"showImageEffects":true,"showParticleSystems":true,"showVisualEffectGraphs":true,"m_FxEnabled":true},"in2DMode":false,"pivot":{"x":0.23190782964229585,"y":11.170951843261719,"z":-0.41946929693222048},"rotation":{"x":0.12863339483737946,"y":0.01189997885376215,"z":-0.00154370185919106,"w":0.9916208386421204},"size":15.045209884643555,"orthographic":true}