{"cameraMode":{"drawMode":0,"name":"Shaded","section":"Shading Mode"},"sceneLighting":false,"audioPlay":false,"sceneViewState":{"m_AlwaysRefresh":false,"showFog":true,"showSkybox":false,"showFlares":true,"showImageEffects":true,"showParticleSystems":true,"showVisualEffectGraphs":true,"m_FxEnabled":true},"in2DMode":false,"pivot":{"x":0.000286102294921875,"y":0.16631406545639039,"z":-0.002824924886226654},"rotation":{"x":-0.21077343821525575,"y":-0.47722214460372927,"z":0.11905763298273087,"w":-0.8447985053062439},"size":0.20040541887283326,"orthographic":false}